{"cameraMode":{"drawMode":0,"name":"Shaded","section":"Shading Mode"},"sceneLighting":true,"audioPlay":false,"sceneViewState":{"showFog":true,"showMaterialUpdate":false,"showSkybox":true,"showFlares":true,"showImageEffects":true,"showParticleSystems":true},"in2DMode":false,"pivot":{"x":0.054697759449481967,"y":0.1897752285003662,"z":0.7542271614074707},"rotation":{"x":0.00007464814552804455,"y":0.9687119722366333,"z":-0.248188316822052,"w":0.00029154165531508625},"size":3.6048641204833986,"orthographic":false}