{"cameraMode":{"drawMode":0,"name":"Shaded","section":"Shading Mode"},"sceneLighting":true,"audioPlay":false,"sceneViewState":{"showFog":true,"showMaterialUpdate":false,"showSkybox":true,"showFlares":true,"showImageEffects":true,"showParticleSystems":true},"in2DMode":false,"pivot":{"x":-0.35376548767089846,"y":4.088403224945068,"z":-1.6939868927001954},"rotation":{"x":-0.04148264229297638,"y":0.9270851016044617,"z":-0.10784836858510971,"w":-0.35659831762313845},"size":9.550000190734864,"orthographic":false}